year,dist,total_taxes_spent,taxes_min_salary,taxes_median_salary,taxes_max_salary,savings_min_salary,savings_median_salary,savings_max_salary
2012,ALPINE UNION ELEMENTARY,5666992.55,3123783.2399999998,5875072.0,8228914.13,2543209.31,-208079.4500000002,-2561921.58
2012,BORREGO SPRINGS UNIFIED,1956572.02,1495434.48,2015336.0399999998,2348997.84,461137.54000000004,-58764.019999999786,-392425.81999999983
2012,CAJON VALLEY UNION,54130403.15,26150167.019999996,56159544.75,72475123.64999999,27980236.130000003,-2029141.6000000015,-18344720.499999993
2012,CARDIFF ELEMENTARY,2804842.05,1785628.52,2937953.32,3296426.28,1019213.5299999998,-133111.27000000002,-491584.23
2012,CARLSBAD UNIFIED,16053918.81,8567035.2,16110223.2,21436300.8,7486883.610000001,-56304.38999999873,-5382381.99
2012,CHULA VISTA ELEMENTARY,85711219.48,51131691.63999999,87587180.66000001,118665534.75000001,34579527.84000001,-1875961.1800000072,-32954315.27000001
2012,CORONADO UNIFIED,10159163.79,5244790.2,10661342.25,14793290.2,4914373.589999999,-502178.4600000009,-4634126.41
2012,DEHESA ELEMENTARY,617828.64,467614.0,596474.6,846149.0,150214.64,21354.040000000037,-228320.36
2012,DEL MAR UNION ELEMENTARY,19455230.9,10979102.059999999,19816940.919999998,24873706.96,8476128.84,-361710.01999999955,-5418476.060000002
2012,ENCINITAS UNION ELEMENTARY,20411270.610000003,12023821.319999998,20610264.34,25917598.370000005,8387449.290000005,-198993.72999999672,-5506327.760000002
2012,ESCONDIDO UNION,62310205.760000005,29802828.81,64234570.79,81523889.77000001,32507376.950000007,-1924365.0299999937,-19213684.010000005
2012,ESCONDIDO UNION HIGH,20234809.71,12485791.48,20175683.3,31722146.75,7749018.23,59126.41000000015,-11487337.04
2012,FALLBROOK UNION ELEMENTARY,17812050.68,9057000.14,19006109.03,25034993.689999998,8755050.54,-1194058.3500000015,-7222943.009999998
2012,FALLBROOK UNION HIGH,9422772.29,5077959.58,9546166.61,12528631.139999999,4344812.709999999,-123394.3200000003,-3105858.8499999996
2012,GROSSMONT UNION HIGH,65699749.96,37036594.47,66609782.309999995,100706899.97,28663155.490000002,-910032.349999994,-35007150.01
2012,JAMUL-DULZURA UNION ELEMENTARY,3185444.48,2072240.51,3255354.53,4169902.4400000004,1113203.97,-69910.04999999981,-984457.9600000004
2012,JULIAN UNION ELEMENTARY,1194454.31,770755.18,1243383.31,1426973.21,423699.13,-48929.0,-232518.8999999999
2012,JULIAN UNION HIGH,312034.81,203514.0,341290.02,362045.2,108520.81,-29255.21000000002,-50010.390000000014
2012,LA MESA-SPRING VALLEY,38282647.83,16309332.48,40705683.199999996,53822545.28,21973315.349999998,-2423035.3699999973,-15539897.450000003
2012,MOUNTAIN EMPIRE UNIFIED,5444895.3100000005,3666552.3000000003,5183067.91,8028394.350000001,1778343.0100000002,261827.40000000037,-2583499.04
2012,NATIONAL ELEMENTARY,19574453.22,11519123.36,20269440.330000002,24783827.54,8055329.859999999,-694987.1100000031,-5209374.32
2012,OCEANSIDE UNIFIED,66643774.18,30141668.94,68372799.78,101274005.67,36502105.239999995,-1729025.6000000015,-34630231.49
2012,RAMONA CITY UNIFIED,20647162.42,11169507.46,21676170.339999996,26293014.239999995,9477654.96,-1029007.9199999943,-5645851.819999993
2012,RANCHO SANTA FE ELEMENTARY,2809486.25,2195003.4899999998,2758219.05,3602455.94,614482.7600000002,51267.200000000186,-792969.69
2012,SAN DIEGO COUNTY OFFICE OF EDUCATION,22658889.7,13843517.38,23049246.08,29045818.84,8815372.319999998,-390356.37999999896,-6386929.140000001
2012,SAN DIEGUITO UNION HIGH,38718171.38,22172059.379999995,40731148.760000005,49422931.74,16546112.000000007,-2012977.3800000027,-10704760.36
2012,SAN MARCOS UNIFIED,12011423.96,6122269.659999999,12326407.0,17613348.37,5889154.300000002,-314983.0399999991,-5601924.41
2012,SAN PASQUAL UNION ELEMENTARY,1602874.06,1118737.62,1601990.6700000002,2088337.86,484136.43999999994,883.3899999998976,-485463.80000000005
2012,SAN YSIDRO ELEMENTARY,14348357.61,7657152.8,14612964.45,17580100.08,6691204.81,-264606.83999999985,-3231742.469999999
2012,SOLANA BEACH ELEMENTARY,14949273.709999999,8473321.5,15699446.61,18668042.099999998,6475952.209999999,-750172.9000000004,-3718768.3899999987
2012,SWEETWATER UNION HIGH,144694189.14999998,67842534.18,147075894.66,217989368.66,76851654.96999997,-2381705.5100000203,-73295179.51000002
2012,VALLECITOS ELEMENTARY,778972.31,667425.42,781712.1,870847.92,111546.89000000001,-2739.789999999921,-91875.60999999999
2012,VALLEY CENTER-PAUMA UNIFIED,14531150.35,7267154.5200000005,14776923.02,20569661.3,7263995.829999999,-245772.66999999993,-6038510.950000001
2012,VISTA UNIFIED,78808330.96000001,34670575.760000005,82940364.02000001,106770887.5,44137755.2,-4132033.0600000024,-27962556.53999999
2012,WARNER UNIFIED,608097.99,455726.92000000004,635909.67,772149.3999999999,152371.06999999995,-27811.68000000005,-164051.40999999992
2013,ALPINE UNION ELEMENTARY,6461402.82,3478147.5,6758267.25,8311163.25,2983255.3200000003,-296864.4299999997,-1849760.4299999997
2013,BORREGO SPRINGS UNIFIED,1750432.69,1084077.68,1843069.3399999999,2350238.03,666355.01,-92636.6499999999,-599805.3399999999
2013,CAJON VALLEY UNION,51388433.75,26543309.689999998,53756042.38000001,69982130.29,24845124.060000002,-2367608.63000001,-18593696.540000007
2013,CARDIFF ELEMENTARY,3020043.18,2002938.9600000002,3167107.68,3500254.56,1017104.22,-147064.5,-480211.3799999999
2013,CARLSBAD UNIFIED,30513260.45,13723624.959999999,30979363.84,40707128.800000004,16789635.490000002,-466103.3900000006,-10193868.350000005
2013,CHULA VISTA ELEMENTARY,88184665.69,53761773.78,90292067.86,126152261.53999999,34422891.91,-2107402.170000002,-37967595.849999994
2013,CORONADO UNIFIED,10664951.12,5425673.82,11093886.44,15350099.24,5239277.299999999,-428935.3200000003,-4685148.120000001
2013,DEHESA ELEMENTARY,835894.81,477269.64,820915.9800000001,1191127.08,358625.17000000004,14978.829999999958,-355232.27
2013,DEL MAR UNION ELEMENTARY,19739272.99,11466788.74,20359097.630000003,24767779.31,8272484.249999998,-619824.6400000043,-5028506.32
2013,ENCINITAS UNION ELEMENTARY,19532863.650000002,10385810.639999999,20042535.8,24658235.24,9147053.010000004,-509672.1499999985,-5125371.589999996
2013,ESCONDIDO UNION,64030434.52,30227795.21,65909775.180000015,84689017.89,33802639.31,-1879340.6600000113,-20658583.369999997
2013,ESCONDIDO UNION HIGH,20441781.45,12376746.84,20527830.52,33403099.150000002,8065034.609999999,-86049.0700000003,-12961317.700000003
2013,FALLBROOK UNION ELEMENTARY,17796600.89,9008588.16,18942425.46,23966435.060000002,8788012.73,-1145824.5700000003,-6169834.170000002
2013,FALLBROOK UNION HIGH,9201393.13,4353202.1899999995,9281901.76,12080483.26,4848190.940000001,-80508.62999999896,-2879090.129999999
2013,GROSSMONT UNION HIGH,65923072.089999996,35743287.99,66715465.66,99621547.38,30179784.099999994,-792393.5700000003,-33698475.29
2013,JAMUL-DULZURA UNION ELEMENTARY,3255276.5300000003,2113606.73,3370038.66,4023119.32,1141669.8000000003,-114762.12999999989,-767842.7899999996
2013,JULIAN UNION ELEMENTARY,1133850.5,898656.6200000001,1182531.5,1360199.3,235193.8799999999,-48681.0,-226348.80000000005
2013,JULIAN UNION HIGH,317270.5,233113.25,354720.65,371013.94999999995,84157.25,-37450.15000000002,-53743.44999999995
2013,LA MESA-SPRING VALLEY,40223809.82,16296804.179999998,43099558.38,48633225.660000004,23927005.64,-2875748.5600000024,-8409415.840000004
2013,MOUNTAIN EMPIRE UNIFIED,5494598.080000001,3404806.16,5080070.39,8129837.9399999995,2089791.9200000009,414527.69000000134,-2635239.8599999985
2013,NATIONAL ELEMENTARY,20121840.59,11409433.739999998,21028637.5,25425517.71,8712406.850000001,-906796.9100000001,-5303677.120000001
2013,OCEANSIDE UNIFIED,69852124.99,30977209.08,72840390.48,103882696.83,38874915.91,-2988265.4900000095,-34030571.84
2013,POWAY UNIFIED,117608746.45,53639883.0,122838620.79999998,177335933.0,63968863.45,-5229874.349999979,-59727186.55
2013,RAMONA CITY UNIFIED,18255972.19,11242858.44,18967847.51,25133978.09,7013113.750000002,-711875.3200000003,-6878005.8999999985
2013,RANCHO SANTA FE ELEMENTARY,2530688.3600000003,1843143.34,2523606.74,3170717.39,687545.0200000003,7081.620000000112,-640029.0299999998
2013,SAN DIEGO COUNTY OFFICE OF EDUCATION,20991087.25,11781012.57,21565220.45,27345454.679999996,9210074.68,-574133.1999999993,-6354367.429999996
2013,SAN DIEGO UNIFIED,425556303.0,89143366.0,438694114.0,699913628.0,336412937.0,-13137811.0,-274357325.0
2013,SAN DIEGUITO UNION HIGH,45338990.339999996,21324197.77,47843261.03,60501799.99,24014792.569999997,-2504270.690000005,-15162809.650000006
2013,SAN MARCOS UNIFIED,12066147.44,6095644.739999999,12133667.24,19017763.900000002,5970502.7,-67519.80000000075,-6951616.460000003
2013,SAN PASQUAL UNION ELEMENTARY,1623434.73,982403.94,1649227.65,2027698.05,641030.79,-25792.919999999925,-404263.32000000007
2013,SAN YSIDRO ELEMENTARY,14558177.89,7625227.359999999,14893304.120000001,18008342.799999997,6932950.530000001,-335126.23000000045,-3450164.9099999964
2013,SOLANA BEACH ELEMENTARY,15642148.41,9352784.44,16326860.729999999,20323639.39,6289363.970000001,-684712.3199999984,-4681490.98
2013,SOUTH BAY UNION,57633187.989999995,27691886.68,60869445.699999996,68171973.96,29941301.309999995,-3236257.710000001,-10538785.969999999
2013,SPENCER VALLEY ELEMENTARY,126998.19,112650.0,117438.0,150906.57,14348.190000000002,9560.190000000002,-23908.380000000005
2013,SWEETWATER UNION HIGH,145142504.91,66649853.330000006,148363603.75,226361819.43000004,78492651.57999998,-3221098.8400000036,-81219314.52000004
2013,VALLECITOS ELEMENTARY,818864.64,583847.9,870301.7,941020.2000000001,235016.74,-51437.05999999994,-122155.56000000006
2013,VALLEY CENTER-PAUMA UNIFIED,15330945.25,7840889.100000001,15946739.81,21672472.66,7490056.149999999,-615794.5600000005,-6341527.41
2013,VISTA UNIFIED,79701567.69,34139460.56,83837897.39999999,107376555.04,45562107.129999995,-4136329.7099999934,-27674987.35000001
2013,WARNER UNIFIED,494601.67000000004,386325.86,481351.93999999994,648527.5399999999,108275.81000000006,13249.730000000098,-153925.86999999988
2014,CAJON VALLEY UNION,54779655.620000005,25167534.439999998,58458868.85000001,84353914.36,29612121.180000007,-3679213.230000004,-29574258.739999995
2014,CARLSBAD UNIFIED,33770308.32,14684203.200000001,34468962.300000004,44635120.14,19086105.119999997,-698653.9800000042,-10864811.82
2014,CHULA VISTA ELEMENTARY,95160800.43,57115663.92,98725404.26,134902478.85,38045136.510000005,-3564603.829999998,-39741678.41999999
2014,CORONADO UNIFIED,10623044.08,5160230.46,10903970.07,14661700.2,5462813.62,-280925.9900000002,-4038656.119999999
2014,DEL MAR UNION ELEMENTARY,21189245.220000003,13053885.329999998,21961640.369999994,25549573.12,8135359.890000004,-772395.1499999911,-4360327.8999999985
2014,ENCINITAS UNION ELEMENTARY,19822168.58,9591779.25,20427267.78,25322041.73,10230389.329999998,-605099.200000003,-5499873.150000002
2014,ESCONDIDO UNION,63596338.129999995,27713537.929999996,66503234.82,86234647.62,35882800.2,-2906896.690000005,-22638309.49000001
2014,ESCONDIDO UNION HIGH,21956555.619999997,13187747.84,21891971.169999998,35147559.09,8768807.779999997,64584.449999999255,-13191003.470000006
2014,FALLBROOK UNION HIGH,9605634.969999999,4779439.49,9715879.729999999,12514437.059999999,4826195.479999999,-110244.75999999978,-2908802.09
2014,GROSSMONT UNION HIGH,69371873.98,33542849.450000003,70781281.13,104912355.22,35829024.53,-1409407.149999991,-35540481.239999995
2014,JAMUL-DULZURA UNION ELEMENTARY,791158.13,715336.01,800020.01,840997.76,75822.12,-8861.880000000005,-49839.630000000005
2014,LA MESA-SPRING VALLEY,41481456.38999999,18963731.83,44600210.33,53208850.42999999,22517724.559999995,-3118753.940000005,-11727394.04
2014,MOUNTAIN EMPIRE UNIFIED,6013245.96,3329617.28,5648517.31,9378257.71,2683628.68,364728.6500000004,-3365011.750000001
2014,NATIONAL ELEMENTARY,19845913.000000004,12508126.719999999,20652405.46,26576152.869999997,7337786.280000005,-806492.4599999972,-6730239.869999994
2014,OCEANSIDE UNIFIED,71866789.97999999,31351064.939999998,75797316.96,102175866.08,40515725.03999999,-3930526.980000004,-30309076.10000001
2014,POWAY UNIFIED,124186613.72,58811479.41,129207417.28,203557455.51,65375134.31,-5020803.560000002,-79370841.78999999
2014,RAMONA CITY UNIFIED,20024249.650000002,11285232.49,20926442.83,27815781.5,8739017.160000002,-902193.179999996,-7791531.849999998
2014,RANCHO SANTA FE ELEMENTARY,2342633.15,1779872.64,2379281.94,2881891.6,562760.51,-36648.79000000004,-539258.4500000002
2014,SAN DIEGO COUNTY OFFICE OF EDUCATION,20217734.37,9919325.53,20850554.16,25697098.509999998,10298408.840000002,-632819.7899999991,-5479364.139999997
2014,SAN DIEGO UNIFIED,460459396.0,209760643.0,473435295.0,845597715.0,250698753.0,-12975899.0,-385138319.0
2014,SAN DIEGUITO UNION HIGH,48558122.42,23568099.66,51351222.45,67509279.3,24990022.76,-2793100.030000001,-18951156.879999995
2014,SAN MARCOS UNIFIED,53746707.39,26800810.620000005,55595824.74,89230728.79,26945896.769999996,-1849117.3500000015,-35484021.400000006
2014,SAN YSIDRO ELEMENTARY,17274308.12,11158817.809999999,17605363.0,20109343.17,6115490.310000002,-331054.87999999896,-2835035.0500000007
2014,SOUTH BAY UNION,62126568.66,30317871.44,65762487.52,74134670.45,31808697.219999995,-3635918.860000007,-12008101.790000007
2014,SWEETWATER UNION HIGH,156546292.39000002,74346332.1,160753922.15,238886398.71999997,82199960.29000002,-4207629.75999999,-82340106.32999995
2014,VALLECITOS ELEMENTARY,764592.03,359833.77,834543.8099999999,863710.92,404758.26,-69951.77999999991,-99118.89000000001
2014,VALLEY CENTER-PAUMA UNIFIED,8238132.159999999,5022833.38,8625608.58,11161273.72,3215298.7799999993,-387476.42000000086,-2923141.5600000015
2014,VISTA UNIFIED,81586252.99000001,35960950.84,85768936.33,121024413.04,45625302.150000006,-4182683.3399999887,-39438160.05
2014,WARNER UNIFIED,1002147.06,770684.75,995079.9400000001,1210709.21,231462.31000000006,7067.119999999995,-208562.1499999999
2015,ALPINE UNION ELEMENTARY,6580817.35,3177045.13,6893629.93,8236919.23,3403772.2199999997,-312812.5800000001,-1656101.8800000008
2015,BONSALL UNIFIED,7185580.14,4091007.06,7132067.11,10864943.46,3094573.0799999996,53513.02999999933,-3679363.320000001
2015,CAJON VALLEY UNION,57009449.2,25743239.900000002,59927601.43,87773748.25,31266209.3,-2918152.2299999967,-30764299.049999997
2015,CARLSBAD UNIFIED,36276694.0,19341308.0,36883487.0,48146704.0,16935386.0,-606793.0,-11870010.0
2015,CHULA VISTA ELEMENTARY,114267399.14999999,68806472.02,117719136.2,200017214.43,45460927.129999995,-3451737.050000012,-85749815.28000002
2015,CORONADO UNIFIED,9596046.0,5010512.0,9990613.0,13562216.0,4585534.0,-394567.0,-3966170.0
2015,DEL MAR UNION ELEMENTARY,22329658.15,11836209.69,23410876.98,26994301.37,10493448.459999999,-1081218.830000002,-4664643.2200000025
2015,ENCINITAS UNION ELEMENTARY,22961981.0,12713844.0,23286165.0,31533735.0,10248137.0,-324184.0,-8571754.0
2015,ESCONDIDO UNION,62689839.870000005,29553009.8,66171341.24,87324288.89,33136830.070000004,-3481501.3699999973,-24634449.019999996
2015,ESCONDIDO UNION HIGH,30387849.12,15412525.56,30648711.01,48937818.629999995,14975323.56,-260861.8900000006,-18549969.509999994
2015,FALLBROOK UNION ELEMENTARY,21104021.0,13034840.0,22265573.0,27296629.0,8069181.0,-1161552.0,-6192608.0
2015,FALLBROOK UNION HIGH,9863716.0,5351890.0,9869612.0,12923943.0,4511826.0,-5896.0,-3060227.0
2015,GROSSMONT UNION HIGH,69984644.29,37162500.92,71487098.82,103095902.68,32822143.370000005,-1502454.5299999863,-33111258.39
2015,JAMUL-DULZURA UNION ELEMENTARY,2119082.0,1298868.0,2186991.0,2480020.0,820214.0,-67909.0,-360938.0
2015,LA MESA-SPRING VALLEY,41315853.0,17405425.0,44329850.0,58258750.0,23910428.0,-3013997.0,-16942897.0
2015,MOUNTAIN EMPIRE UNIFIED,6762623.91,3563093.32,6330021.88,10923211.6,3199530.5900000003,432602.03000000026,-4160587.6899999995
2015,NATIONAL ELEMENTARY,21634251.03,14150663.67,22603235.549999997,28088486.6,7483587.360000001,-968984.5199999958,-6454235.57
2015,OCEANSIDE UNIFIED,81116220.34,39852578.04,84485876.64,120528811.56,41263642.300000004,-3369656.299999997,-39412591.22
2015,POWAY UNIFIED,124070219.55999999,60562328.42,128305361.12,190396252.76,63507891.139999986,-4235141.560000017,-66326033.2
2015,RAMONA CITY UNIFIED,19470174.46,10137385.73,20288785.439999998,28026594.4,9332788.73,-818610.9799999967,-8556419.939999998
2015,SAN DIEGO COUNTY OFFICE OF EDUCATION,21414383.59,9217198.0,21869600.0,28858124.66,12197185.59,-455216.41000000015,-7443741.07
2015,SAN DIEGO UNIFIED,488491536.0,237580925.0,502469550.0,713469182.0,250910611.0,-13978014.0,-224977646.0
2015,SAN DIEGUITO UNION HIGH,49679670.32,23709935.759999998,52517121.33,72081174.92999999,25969734.560000002,-2837451.009999998,-22401504.609999992
2015,SAN MARCOS UNIFIED,11035047.77,6017123.21,11717255.389999999,14243460.7,5017924.56,-682207.6199999992,-3208412.9299999997
2015,SAN PASQUAL UNION ELEMENTARY,1777166.0,1333596.0,1838265.0,2362844.0,443570.0,-61099.0,-585678.0
2015,SAN YSIDRO ELEMENTARY,17124468.69,8827647.86,17925910.490000002,21062528.92,8296820.830000002,-801441.8000000007,-3938060.2300000004
2015,SOUTH BAY UNION,48686104.02,25054207.520000003,52148649.02,88793972.12000002,23631896.5,-3462545.0,-40107868.10000002
2015,SPENCER VALLEY ELEMENTARY,276650.42,210414.0,288080.16000000003,320027.36,66236.41999999998,-11429.740000000049,-43376.94
2015,SWEETWATER UNION HIGH,162538050.13,75215364.72,167417421.9,248568194.33999997,87322685.41,-4879371.770000011,-86030144.20999998
2015,VALLECITOS ELEMENTARY,891789.0,475070.0,952405.0,986640.0,416719.0,-60616.0,-94851.0
2015,VALLEY CENTER-PAUMA UNIFIED,14668180.879999999,8176780.7299999995,15535061.330000002,22293042.16,6491400.149999999,-866880.450000003,-7624861.280000001
2015,VISTA UNIFIED,94743017.36,43899351.69,99609674.72999999,149630854.16,50843665.67,-4866657.36999999,-54887836.8
2015,WARNER UNIFIED,668034.46,465954.66000000003,641939.84,1161146.15,202079.79999999993,26094.619999999995,-493111.68999999994
2016,ALPINE UNION ELEMENTARY,6369424.06,3516274.42,6800767.07,8235719.31,2853149.6399999997,-431343.0100000007,-1866295.25
2016,BONSALL UNIFIED,10133170.5,6590072.5,10167051.399999999,13970645.7,3543098.0,-33880.89999999851,-3837475.1999999993
2016,CAJON VALLEY UNION,78150002.0,37378547.0,80923467.0,129797431.0,40771455.0,-2773465.0,-51647429.0
2016,CARDIFF ELEMENTARY,3856849.42,2350478.93,4128912.42,4731348.2700000005,1506370.4899999998,-272063.0,-874498.8500000006
2016,CARLSBAD UNIFIED,39049277.0,21808822.0,40135207.0,51149488.0,17240455.0,-1085930.0,-12100211.0
2016,CHULA VISTA ELEMENTARY,124601561.88000001,75123123.8,128008383.97,193489618.64,49478438.08000001,-3406822.0899999887,-68888056.75999998
2016,CORONADO UNIFIED,12311319.0,6576854.0,12902525.0,17460200.0,5734465.0,-591206.0,-5148881.0
2016,DEHESA ELEMENTARY,660309.4199999999,473890.5,663564.8999999999,948181.7999999999,186418.91999999993,-3255.4799999999814,-287872.38
2016,DEL MAR UNION ELEMENTARY,24408522.22,12850743.370000001,25766411.78,30517843.62,11557778.849999998,-1357889.5600000024,-6109321.400000002
2016,ENCINITAS UNION ELEMENTARY,23074957.0,12674030.0,23827536.0,33275142.0,10400927.0,-752579.0,-10200185.0
2016,ESCONDIDO UNION,51979019.0,26250930.0,54532239.0,70989132.0,25728089.0,-2553220.0,-19010113.0
2016,ESCONDIDO UNION HIGH,34460958.78,17329508.4,34754712.25,56434126.7,17131450.380000003,-293753.4699999988,-21973167.92
2016,FALLBROOK UNION ELEMENTARY,23575609.0,14304432.0,24303791.0,43670053.0,9271177.0,-728182.0,-20094444.0
2016,FALLBROOK UNION HIGH,10465109.0,5567764.0,10878154.0,13908586.0,4897345.0,-413045.0,-3443477.0
2016,GROSSMONT UNION HIGH,79690686.0,37417544.0,81892776.0,122123444.0,42273142.0,-2202090.0,-42432758.0
2016,JAMUL-DULZURA UNION ELEMENTARY,2032850.0,1246999.0,2117825.0,2362725.0,785851.0,-84975.0,-329875.0
2016,JULIAN UNION HIGH,628586.1599999999,495223.80999999994,593794.57,804523.5700000001,133362.34999999998,34791.58999999997,-175937.41000000015
2016,LA MESA-SPRING VALLEY,41966250.0,25354727.0,43430388.0,55607527.0,16611523.0,-1464138.0,-13641277.0
2016,MOUNTAIN EMPIRE UNIFIED,6039897.12,3734425.12,5636495.52,9249376.520000001,2305472.0,403401.60000000056,-3209479.4000000013
2016,NATIONAL ELEMENTARY,24727625.89,13846709.090000002,25149391.799999997,35222687.41,10880916.799999999,-421765.9099999964,-10495061.519999996
2016,OCEANSIDE UNIFIED,71354876.0,37472298.0,74903569.0,108850358.0,33882578.0,-3548693.0,-37495482.0
2016,POWAY UNIFIED,68069069.0,38133416.0,69661761.0,113633664.0,29935653.0,-1592692.0,-45564595.0
2016,RAMONA CITY UNIFIED,17148687.0,9080882.0,17829814.0,25762912.0,8067805.0,-681127.0,-8614225.0
2016,RANCHO SANTA FE ELEMENTARY,4715096.99,2960570.3299999996,4746635.819999999,6666978.53,1754526.6600000006,-31538.829999999143,-1951881.54
2016,SAN DIEGO COUNTY OFFICE OF EDUCATION,24077213.0,12469830.0,24519479.0,31184226.0,11607383.0,-442266.0,-7107013.0
2016,SAN DIEGO UNIFIED,524293134.0,249632886.0,543011529.0,875093899.0,274660248.0,-18718395.0,-350800765.0
2016,SAN DIEGUITO UNION HIGH,56598918.0,30575489.1,59963516.5,85186325.30000001,26023428.9,-3364598.5,-28587407.300000012
2016,SAN PASQUAL UNION ELEMENTARY,2069790.0,1468950.0,2085675.0,2724800.0,600840.0,-15885.0,-655010.0
2016,SAN YSIDRO ELEMENTARY,21137272.0,7461258.0,22284548.0,26404188.0,13676014.0,-1147276.0,-5266916.0
2016,SOLANA BEACH ELEMENTARY,20024989.0,12140731.0,20482778.0,26864197.0,7884258.0,-457789.0,-6839208.0
2016,SOUTH BAY UNION,62519164.0,29464768.0,66531729.0,73979338.0,33054396.0,-4012565.0,-11460174.0
2016,SPENCER VALLEY ELEMENTARY,297369.48,233425.92,306832.14,342387.72,63943.55999999997,-9462.660000000033,-45018.23999999999
2016,SWEETWATER UNION HIGH,185775904.99,84623119.51,190728187.77,305597767.17999995,101152785.48,-4952282.780000001,-119821862.18999994
2016,VALLECITOS ELEMENTARY,1140263.0,557315.0,1253043.0,1355706.0,582948.0,-112780.0,-215443.0
2016,VALLEY CENTER-PAUMA UNIFIED,19093475.69,10456574.02,20131694.900000002,28687216.99,8636901.670000002,-1038219.2100000009,-9593741.299999997
2016,VISTA UNIFIED,98228696.0,40026302.0,102868421.0,169850384.0,58202394.0,-4639725.0,-71621688.0
2016,WARNER UNIFIED,928418.02,637075.0800000001,801085.21,1823394.74,291342.93999999994,127332.81000000006,-894976.72
2017,ALPINE UNION ELEMENTARY,6328582.13,3707126.84,6785102.32,8225041.0600000005,2621455.29,-456520.1900000004,-1896458.9300000006
2017,BORREGO SPRINGS UNIFIED,1529138.7300000002,1103554.8399999999,1632196.61,1897128.22,425583.89000000036,-103057.87999999989,-367989.48999999976
2017,CAJON VALLEY UNION,70739363.0,37550375.0,72917070.0,107121164.0,33188988.0,-2177707.0,-36381801.0
2017,CARDIFF ELEMENTARY,3528228.52,1990417.48,3781909.64,4237224.84,1537811.04,-253681.1200000001,-708996.3199999998
2017,CARLSBAD UNIFIED,38127985.0,20476891.0,39417141.0,50287091.0,17651094.0,-1289156.0,-12159106.0
2017,CHULA VISTA ELEMENTARY,140594061.0,80549285.0,143936476.0,226675599.0,60044776.0,-3342415.0,-86081538.0
2017,CORONADO UNIFIED,13555655.0,6975330.0,14334682.0,19648419.0,6580325.0,-779027.0,-6092764.0
2017,DEHESA ELEMENTARY,621216.1200000001,449089.02999999997,555721.3,924763.06,172127.09000000014,65494.820000000065,-303546.93999999994
2017,DEL MAR UNION ELEMENTARY,25117776.0,14870734.0,26514092.0,29739611.0,10247042.0,-1396316.0,-4621835.0
2017,ENCINITAS UNION ELEMENTARY,25013554.0,13743046.0,25673589.0,33759030.0,11270508.0,-660035.0,-8745476.0
2017,ESCONDIDO UNION,77717976.9,39530258.21,80881938.44,105703712.42,38187718.690000005,-3163961.5399999917,-27985735.519999996
2017,ESCONDIDO UNION HIGH,37135288.55,20890780.8,37788491.2,57772291.2,16244507.749999996,-653202.650000006,-20637002.650000006
2017,FALLBROOK UNION ELEMENTARY,22699794.0,13873684.0,23530782.0,30618060.0,8826110.0,-830988.0,-7918266.0
2017,FALLBROOK UNION HIGH,10846157.22,5707365.29,11559962.860000001,15159245.06,5138791.930000001,-713805.6400000006,-4313087.84
2017,GROSSMONT UNION HIGH,80228436.0,44627642.0,82234620.0,119316286.0,35600794.0,-2006184.0,-39087850.0
2017,JAMUL-DULZURA UNION ELEMENTARY,2277559.0,1325526.0,2456928.0,2861802.0,952033.0,-179369.0,-584243.0
2017,JULIAN UNION ELEMENTARY,1763493.5099999998,1053861.3,1808346.1400000001,2267259.3,709632.2099999997,-44852.630000000354,-503765.79000000004
2017,JULIAN UNION HIGH,144492.89,117509.82,144492.89,171475.96,26983.070000000007,0.0,-26983.069999999978
2017,LA MESA-SPRING VALLEY,44673937.0,25236681.0,46522065.0,61352396.0,19437256.0,-1848128.0,-16678459.0
2017,MOUNTAIN EMPIRE UNIFIED,6927808.0,4511567.0,6632739.0,9892392.0,2416241.0,295069.0,-2964584.0
2017,NATIONAL ELEMENTARY,24599026.58,14274157.120000001,24362209.28,34045131.16,10324869.459999997,236817.29999999702,-9446104.579999998
2017,OCEANSIDE UNIFIED,89821358.28,41204131.919999994,93894677.43999998,148514785.99999997,48617226.36000001,-4073319.1599999815,-58693427.71999997
2017,POWAY UNIFIED,154286910.0,82612602.0,159280164.0,245310957.0,71674308.0,-4993254.0,-91024047.0
2017,RAMONA CITY UNIFIED,21662423.0,11046917.0,22763157.0,31945103.0,10615506.0,-1100734.0,-10282680.0
2017,RANCHO SANTA FE ELEMENTARY,4593508.0,3069631.0,4511897.0,5997283.0,1523877.0,81611.0,-1403775.0
2017,SAN DIEGO COUNTY OFFICE OF EDUCATION,25476624.16,11690882.66,26104163.199999996,33500627.96,13785741.5,-627539.0399999954,-8024003.800000001
2017,SAN DIEGO UNIFIED,527347885.0,256891267.0,551917352.0,932158382.0,270456618.0,-24569467.0,-404810497.0
2017,SAN DIEGUITO UNION HIGH,65285859.0,37737798.0,68319734.0,82004760.0,27548061.0,-3033875.0,-16718901.0
2017,SAN MARCOS UNIFIED,88211624.0,35623644.0,91185765.0,137895342.0,52587980.0,-2974141.0,-49683718.0
2017,SAN PASQUAL UNION ELEMENTARY,2312590.0,1685086.0,2310698.0,3019666.0,627504.0,1892.0,-707076.0
2017,SAN YSIDRO ELEMENTARY,24003920.25,8389468.09,26086873.099999998,35924946.16,15614452.16,-2082952.8499999978,-11921025.909999996
2017,SOLANA BEACH ELEMENTARY,20670319.0,13108406.0,21304295.0,27110436.0,7561913.0,-633976.0,-6440117.0
2017,SOUTH BAY UNION,34519884.0,15382309.0,37111143.0,41717218.0,19137575.0,-2591259.0,-7197334.0
2017,SPENCER VALLEY ELEMENTARY,305736.29000000004,242368.04,310800.02,358977.08,63368.25000000003,-5063.729999999981,-53240.78999999998
2017,SWEETWATER UNION HIGH,210115223.38000003,98268543.01,216010285.46,336548419.03000003,111846680.37000002,-5895062.079999983,-126433195.65
2017,VALLECITOS ELEMENTARY,1187906.9,706795.92,1317464.94,1459736.28,481110.97999999986,-129558.04000000004,-271829.3800000001
2017,VALLEY CENTER-PAUMA UNIFIED,17513281.04,9111048.03,18335137.139999997,27700585.47,8402233.01,-821856.0999999978,-10187304.43
2017,VISTA UNIFIED,98781532.0,40984212.0,103654710.0,163510971.0,57797320.0,-4873178.0,-64729439.0
2017,WARNER UNIFIED,897649.34,601939.4,867863.24,1446997.89,295709.93999999994,29786.099999999977,-549348.5499999999
2018,ALPINE UNION ELEMENTARY,6177348.739999999,3577148.42,6671983.95,7808095.3,2600200.3199999994,-494635.2100000009,-1630746.5600000005
2018,BONSALL UNIFIED,10917632.44,6761967.600000001,10940713.68,15180404.93,4155664.839999999,-23081.240000000224,-4262772.49
2018,BORREGO SPRINGS UNIFIED,1453408.4799999997,913267.27,1559711.7699999998,1743895.7699999998,540141.2099999997,-106303.29000000004,-290487.29000000004
2018,CAJON VALLEY UNION,74009143.0,36780850.0,75040216.0,116380772.0,37228293.0,-1031073.0,-42371629.0
2018,CARDIFF ELEMENTARY,4148418.85,2413131.92,4491673.149999999,5080702.42,1735286.9300000002,-343254.29999999935,-932283.5699999998
2018,CARLSBAD UNIFIED,41377366.0,23232216.0,42796197.0,54472878.0,18145150.0,-1418831.0,-13095512.0
2018,CHULA VISTA ELEMENTARY,135412009.0,79461602.0,139587382.0,193184690.0,55950407.0,-4175373.0,-57772681.0
2018,CORONADO UNIFIED,13914681.0,7757590.0,14897047.0,19469591.0,6157091.0,-982366.0,-5554910.0
2018,DEHESA ELEMENTARY,662769.1200000001,553152.7,597330.5800000001,890321.98,109616.42000000016,65438.54000000004,-227552.85999999987
2018,DEL MAR UNION ELEMENTARY,26009182.0,15020472.0,27254879.0,31744169.0,10988710.0,-1245697.0,-5734987.0
2018,ENCINITAS UNION ELEMENTARY,25436290.0,14592640.0,26155943.0,33783654.0,10843650.0,-719653.0,-8347364.0
2018,ESCONDIDO UNION,80731274.0,41459262.0,84559550.0,111551756.0,39272012.0,-3828276.0,-30820482.0
2018,ESCONDIDO UNION HIGH,37803422.5,19789066.01,38456053.43,61012858.650000006,18014356.49,-652630.9299999997,-23209436.150000006
2018,FALLBROOK UNION ELEMENTARY,25224832.0,15581200.0,26513549.0,32395857.0,9643632.0,-1288717.0,-7171025.0
2018,FALLBROOK UNION HIGH,10775150.78,5631470.61,11071043.41,14917540.27,5143680.169999999,-295892.6300000008,-4142389.49
2018,GROSSMONT UNION HIGH,80174939.0,40408758.0,82475313.0,113956830.0,39766181.0,-2300374.0,-33781891.0
2018,JAMUL-DULZURA UNION ELEMENTARY,2227406.0,1345178.0,2406149.0,2751245.0,882228.0,-178743.0,-523839.0
2018,JULIAN UNION ELEMENTARY,1587099.05,1385134.29,1558269.09,1921507.29,201964.76,28829.959999999963,-334408.24
2018,LA MESA-SPRING VALLEY,47408805.0,28251384.0,50193716.0,63664344.0,19157421.0,-2784911.0,-16255539.0
2018,MOUNTAIN EMPIRE UNIFIED,7253875.0,4586290.0,6816750.0,10391591.0,2667585.0,437125.0,-3137716.0
2018,NATIONAL ELEMENTARY,25321089.0,14958712.0,25506221.0,34298471.0,10362377.0,-185132.0,-8977382.0
2018,OCEANSIDE UNIFIED,91771739.68,43052089.28,96406995.63000001,156165870.42000002,48719650.400000006,-4635255.950000003,-64394130.74000001
2018,POWAY UNIFIED,162533976.0,83404885.0,167259760.0,350590375.0,79129091.0,-4725784.0,-188056399.0
2018,RAMONA CITY UNIFIED,21166867.0,10756838.0,22544316.0,29626852.0,10410029.0,-1377449.0,-8459985.0
2018,RANCHO SANTA FE ELEMENTARY,5354314.0,3641716.0,5308016.0,7013916.0,1712598.0,46298.0,-1659602.0
2018,SAN DIEGO COUNTY OFFICE OF EDUCATION,24867357.0,11873524.0,25875064.0,32969222.0,12993833.0,-1007707.0,-8101865.0
2018,SAN DIEGO UNIFIED,529037693.0,237352107.0,552155993.0,826499611.0,291685586.0,-23118300.0,-297461918.0
2018,SAN DIEGUITO UNION HIGH,61280749.0,35362073.0,64044796.0,91010393.0,25918676.0,-2764047.0,-29729644.0
2018,SAN MARCOS UNIFIED,90482757.0,37895509.0,93418436.0,132638013.0,52587248.0,-2935679.0,-42155256.0
2018,SAN PASQUAL UNION ELEMENTARY,2496998.0,1827306.0,2485566.0,3251880.0,669692.0,11432.0,-754882.0
2018,SAN YSIDRO ELEMENTARY,23215852.0,13287449.0,24691609.0,28962203.0,9928403.0,-1475757.0,-5746351.0
2018,SOLANA BEACH ELEMENTARY,20721399.0,9359897.0,21362676.0,26720324.0,11361502.0,-641277.0,-5998925.0
2018,SOUTH BAY UNION,69570356.0,32617370.0,76664416.0,85769910.0,36952986.0,-7094060.0,-16199554.0
2018,SPENCER VALLEY ELEMENTARY,85145.19,85145.19,85145.19,85145.19,0.0,0.0,0.0
2018,SWEETWATER UNION HIGH,216710168.85999998,107057284.33,222360849.54999998,406964211.23,109652884.52999999,-5650680.689999998,-190254042.37000003
2018,VALLECITOS ELEMENTARY,1170099.03,647495.76,1294396.8599999999,1472594.6400000001,522603.27,-124297.82999999984,-302495.6100000001
2018,VALLEY CENTER-PAUMA UNIFIED,19364962.97,10034096.979999999,20211483.169999998,29394144.919999998,9330865.99,-846520.1999999993,-10029181.95
2018,VISTA UNIFIED,105044616.0,43824036.0,109221755.0,183554552.0,61220580.0,-4177139.0,-78509936.0
2018,WARNER UNIFIED,514965.02999999997,467080.29,526588.39,565100.84,47884.73999999999,-11623.360000000044,-50135.81
2019,ALPINE UNION ELEMENTARY,6338353.0,3883693.0,6758349.0,7882285.0,2454660.0,-419996.0,-1543932.0
2019,BONSALL UNIFIED,10439501.28,7053955.5,10493279.73,14395713.719999999,3385545.7799999993,-53778.45000000112,-3956212.4399999995
2019,BORREGO SPRINGS UNIFIED,1857469.0,1399531.0,1846427.0,2275019.0,457938.0,11042.0,-417550.0
2019,CAJON VALLEY UNION,74787462.0,32212180.0,76463923.0,121234820.0,42575282.0,-1676461.0,-46447358.0
2019,CARDIFF ELEMENTARY,4414411.02,2601324.4299999997,4693778.03,5292394.0,1813086.5899999999,-279367.0100000007,-877982.9800000004
2019,CARLSBAD UNIFIED,46875396.0,24137590.0,48429281.0,67664508.0,22737806.0,-1553885.0,-20789112.0
2019,CHULA VISTA ELEMENTARY,142857407.0,84677900.0,148011906.0,223290217.0,58179507.0,-5154499.0,-80432810.0
2019,CORONADO UNIFIED,15377982.76,7536363.0,16214610.0,21275259.0,7841619.76,-836627.2400000002,-5897276.24
2019,DEHESA ELEMENTARY,833524.93,641493.72,805977.72,1245232.17,192031.21000000008,27547.21000000008,-411707.2399999999
2019,DEL MAR UNION ELEMENTARY,28415410.0,16407028.0,29840830.0,33498686.0,12008382.0,-1425420.0,-5083276.0
2019,ENCINITAS UNION ELEMENTARY,28383510.0,15339258.0,28416564.0,38068278.0,13044252.0,-33054.0,-9684768.0
2019,ESCONDIDO UNION,86088091.0,41660512.0,90529902.0,116663719.0,44427579.0,-4441811.0,-30575628.0
2019,ESCONDIDO UNION HIGH,39970346.419999994,22210093.88,41050341.62,63411157.02,17760252.539999995,-1079995.200000003,-23440810.60000001
2019,FALLBROOK UNION ELEMENTARY,38661051.0,23775793.0,40634119.0,50757673.0,14885258.0,-1973068.0,-12096622.0
2019,FALLBROOK UNION HIGH,11106694.89,5860163.07,11563868.35,15121114.930000002,5246531.82,-457173.45999999903,-4014420.040000001
2019,GROSSMONT UNION HIGH,84478972.0,44396039.0,87407533.0,118200054.0,40082933.0,-2928561.0,-33721082.0
2019,JAMUL-DULZURA UNION ELEMENTARY,2197160.0,1396142.0,2398711.0,2681836.0,801018.0,-201551.0,-484676.0
2019,LA MESA-SPRING VALLEY,49377078.0,28750929.0,52229254.0,67942892.0,20626149.0,-2852176.0,-18565814.0
2019,MOUNTAIN EMPIRE UNIFIED,7236009.0,4645184.0,6974753.0,10418241.0,2590825.0,261256.0,-3182232.0
2019,NATIONAL ELEMENTARY,28053588.77,16668094.520000001,28845988.249999996,37327433.11,11385494.249999998,-792399.4799999967,-9273844.34
2019,OCEANSIDE UNIFIED,90650125.0,41234059.0,94219374.0,169708509.0,49416066.0,-3569249.0,-79058384.0
2019,POWAY UNIFIED,168991373.0,83000248.0,173464887.0,308202780.0,85991125.0,-4473514.0,-139211407.0
2019,RAMONA CITY UNIFIED,22612700.0,11887394.0,23964899.0,32897731.0,10725306.0,-1352199.0,-10285031.0
2019,RANCHO SANTA FE ELEMENTARY,4896289.0,2992991.0,4805011.0,6916741.0,1903298.0,91278.0,-2020452.0
2019,SAN DIEGO COUNTY OFFICE OF EDUCATION,26498083.0,13492995.0,27502167.0,35187477.0,13005088.0,-1004084.0,-8689394.0
2019,SAN DIEGO UNIFIED,527924259.0,265993969.0,550249692.0,823454662.0,261930290.0,-22325433.0,-295530403.0
2019,SAN DIEGUITO UNION HIGH,62785633.0,36427333.0,65070601.0,87829177.0,26358300.0,-2284968.0,-25043544.0
2019,SAN MARCOS UNIFIED,98142055.0,49784582.0,101722412.0,147087806.0,48357473.0,-3580357.0,-48945751.0
2019,SAN PASQUAL UNION ELEMENTARY,2717763.0,1807232.0,2729958.0,3544184.0,910531.0,-12195.0,-826421.0
2019,SAN YSIDRO ELEMENTARY,24591445.66,14270638.879999999,26241981.87,30382882.700000003,10320806.780000001,-1650536.210000001,-5791437.040000003
2019,SOLANA BEACH ELEMENTARY,20842717.0,9555782.0,21584830.0,26106061.0,11286935.0,-742113.0,-5263344.0
2019,SOUTH BAY UNION,73662652.0,36168490.0,80104648.0,91474758.0,37494162.0,-6441996.0,-17812106.0
2019,SPENCER VALLEY ELEMENTARY,299089.75,229652.28,305485.28,355736.16,69437.47,-6395.530000000028,-56646.409999999974
2019,SWEETWATER UNION HIGH,204901406.86,104189177.3,211304654.19,314054496.1999999,100712229.56000002,-6403247.329999983,-109153089.33999991
2019,VALLECITOS ELEMENTARY,1073463.0,709687.0,1203114.0,1347401.0,363776.0,-129651.0,-273938.0
2019,VALLEY CENTER-PAUMA UNIFIED,18839639.52,9641567.12,19757489.799999997,31001846.22,9198072.4,-917850.2799999975,-12162206.7
2019,VISTA UNIFIED,102918765.0,52119780.0,107140374.0,155689762.0,50798985.0,-4221609.0,-52770997.0
2019,WARNER UNIFIED,1134286.18,777665.8800000001,1160972.46,1460965.94,356620.2999999998,-26686.280000000028,-326679.76
2020,ALPINE UNION ELEMENTARY,6491900.0,3852064.0,6979894.0,8750036.0,2639836.0,-487994.0,-2258136.0
2020,BONSALL UNIFIED,10549042.0,7064096.0,10604152.0,13795808.0,3484946.0,-55110.0,-3246766.0
2020,BORREGO SPRINGS UNIFIED,1655018.0,1298553.0,1708895.0,2066707.0,356465.0,-53877.0,-411689.0
2020,CAJON VALLEY UNION,78507116.0,36107995.0,78324720.0,129285940.0,42399121.0,182396.0,-50778824.0
2020,CARDIFF ELEMENTARY,4453790.1,2528249.9400000004,4770958.68,5365293.3,1925540.1599999992,-317168.5800000001,-911503.2000000002
2020,CARLSBAD UNIFIED,50083102.0,26519021.0,51770396.0,77187983.0,23564081.0,-1687294.0,-27104881.0
2020,CHULA VISTA ELEMENTARY,152276264.0,87246081.0,157250606.0,234570995.0,65030183.0,-4974342.0,-82294731.0
2020,CORONADO UNIFIED,16138931.0,8019811.0,16832607.0,23519204.0,8119120.0,-693676.0,-7380273.0
2020,DEHESA ELEMENTARY,475529.0,412876.0,452478.0,584284.0,62653.0,23051.0,-108755.0
2020,DEL MAR UNION ELEMENTARY,27641105.0,15602076.0,29195980.0,32166439.0,12039029.0,-1554875.0,-4525334.0
2020,ENCINITAS UNION ELEMENTARY,33193169.0,16735088.0,32945470.0,47891656.0,16458081.0,247699.0,-14698487.0
2020,ESCONDIDO UNION,84987253.0,42146001.0,89127858.0,114680354.0,42841252.0,-4140605.0,-29693101.0
2020,ESCONDIDO UNION HIGH,40171758.779999994,22436302.08,41050252.29,62756938.65,17735456.699999996,-878493.5100000054,-22585179.870000005
2020,FALLBROOK UNION ELEMENTARY,28620179.0,16423965.0,30001060.0,40052416.0,12196214.0,-1380881.0,-11432237.0
2020,FALLBROOK UNION HIGH,11264295.0,6094435.0,11372116.0,16132055.0,5169860.0,-107821.0,-4867760.0
2020,GROSSMONT UNION HIGH,87932366.0,47082173.0,91257771.0,122433026.0,40850193.0,-3325405.0,-34500660.0
2020,JAMUL-DULZURA UNION ELEMENTARY,2167289.0,1485323.0,2335935.0,2737906.0,681966.0,-168646.0,-570617.0
2020,JULIAN UNION ELEMENTARY,1512394.0,1009618.0,1551082.0,1854182.0,502776.0,-38688.0,-341788.0
2020,JULIAN UNION HIGH,334413.0,241245.0,348405.0,413589.0,93168.0,-13992.0,-79176.0
2020,LA MESA-SPRING VALLEY,54944950.0,32659518.0,58428834.0,78985069.0,22285432.0,-3483884.0,-24040119.0
2020,MOUNTAIN EMPIRE UNIFIED,6923433.0,4830177.0,6447476.0,11654843.0,2093256.0,475957.0,-4731410.0
2020,NATIONAL ELEMENTARY,29527728.14,16092524.82,30323032.21,38853750.7,13435203.32,-795304.0700000003,-9326022.560000002
2020,OCEANSIDE UNIFIED,93590842.0,44418910.0,97467259.0,179064753.0,49171932.0,-3876417.0,-85473911.0
2020,POWAY UNIFIED,183416570.0,94490031.0,187742289.0,339161967.0,88926539.0,-4325719.0,-155745397.0
2020,RAMONA CITY UNIFIED,23472167.0,12403582.0,24347750.0,33582260.0,11068585.0,-875583.0,-10110093.0
2020,RANCHO SANTA FE ELEMENTARY,4538287.0,2937019.0,4517143.0,5976172.0,1601268.0,21144.0,-1437885.0
2020,SAN DIEGO COUNTY OFFICE OF EDUCATION,27597571.0,14406187.0,28440673.0,35561697.0,13191384.0,-843102.0,-7964126.0
2020,SAN DIEGO UNIFIED,580822765.0,280512611.0,609272193.0,838188558.0,300310154.0,-28449428.0,-257365793.0
2020,SAN DIEGUITO UNION HIGH,68019914.0,40122118.0,70622486.0,96219264.0,27897796.0,-2602572.0,-28199350.0
2020,SAN MARCOS UNIFIED,101617338.0,44966538.0,105917400.0,170632660.0,56650800.0,-4300062.0,-69015322.0
2020,SAN PASQUAL UNION ELEMENTARY,2565195.0,1852794.0,2620296.0,3355776.0,712401.0,-55101.0,-790581.0
2020,SAN YSIDRO ELEMENTARY,24351297.12,14121511.34,25705991.95,30319423.87,10229785.780000001,-1354694.8299999982,-5968126.75
2020,SOLANA BEACH ELEMENTARY,22629045.0,9805062.0,24083586.0,29638754.0,12823983.0,-1454541.0,-7009709.0
2020,SOUTH BAY UNION,72947967.0,34261859.0,79703363.0,90012924.0,38686108.0,-6755396.0,-17064957.0
2020,SPENCER VALLEY ELEMENTARY,152294.29,130437.76,152294.29,174150.82,21856.530000000013,0.0,-21856.53
2020,SWEETWATER UNION HIGH,199891292.59999996,96903832.46,207423583.87,311237599.16999996,102987460.13999997,-7532291.2700000405,-111346306.57
2020,VALLECITOS ELEMENTARY,1228123.0,758758.0,1424787.0,1634022.0,469365.0,-196664.0,-405899.0
2020,VALLEY CENTER-PAUMA UNIFIED,19074105.04,9887543.489999998,19852277.7,29382895.27,9186561.55,-778172.6600000001,-10308790.23
2020,VISTA UNIFIED,101956050.0,49313688.0,105702046.0,147559023.0,52642362.0,-3745996.0,-45602973.0
2020,WARNER UNIFIED,850525.0,659894.0,855770.0,1096844.0,190631.0,-5245.0,-246319.0
2021,ALPINE UNION ELEMENTARY,6535260.0,3692434.0,6944554.0,8687673.0,2842826.0,-409294.0,-2152413.0
2021,BONSALL UNIFIED,9612193.0,5953655.0,9812962.0,12115570.0,3658538.0,-200769.0,-2503377.0
2021,BORREGO SPRINGS UNIFIED,1857634.0,1249264.0,1873209.0,2665140.0,608370.0,-15575.0,-807506.0
2021,CAJON VALLEY UNION,78183985.0,37061044.0,77489818.0,133709638.0,41122941.0,694167.0,-55525653.0
2021,CARDIFF ELEMENTARY,4476393.2700000005,2595375.4999999995,4670946.37,5526221.72,1881017.770000001,-194553.09999999963,-1049828.4499999993
2021,CARLSBAD UNIFIED,51828086.0,29410482.0,53332869.0,80218269.0,22417604.0,-1504783.0,-28390183.0
2021,CHULA VISTA ELEMENTARY,149856962.95999998,82920032.0,155203196.0,219325901.0,66936930.95999998,-5346233.040000021,-69468938.04000002
2021,CORONADO UNIFIED,15740704.0,7682314.0,16409177.0,22757793.0,8058390.0,-668473.0,-7017089.0
2021,DEHESA ELEMENTARY,564435.0,414074.0,543294.0,748409.0,150361.0,21141.0,-183974.0
2021,DEL MAR UNION ELEMENTARY,30144421.0,17627189.0,32178363.0,36619455.0,12517232.0,-2033942.0,-6475034.0
2021,ENCINITAS UNION ELEMENTARY,30730414.0,17699942.0,30231504.0,45057182.0,13030472.0,498910.0,-14326768.0
2021,ESCONDIDO UNION,93822976.0,45475325.0,97965556.0,127681217.0,48347651.0,-4142580.0,-33858241.0
2021,ESCONDIDO UNION HIGH,43026138.910000004,20281182.409999996,43305675.99,69258942.05,22744956.500000007,-279537.0799999982,-26232803.139999993
2021,FALLBROOK UNION ELEMENTARY,28639670.0,17766331.0,30217599.0,39142477.0,10873339.0,-1577929.0,-10502807.0
2021,FALLBROOK UNION HIGH,11498669.0,6562559.0,11564065.0,16986935.0,4936110.0,-65396.0,-5488266.0
2021,GROSSMONT UNION HIGH,93027218.0,49573557.0,96191300.0,137134287.0,43453661.0,-3164082.0,-44107069.0
2021,JAMUL-DULZURA UNION ELEMENTARY,2183381.0,1469398.0,2397164.0,2712450.0,713983.0,-213783.0,-529069.0
2021,JULIAN UNION ELEMENTARY,1544791.0,1385918.0,1546286.0,1801112.0,158873.0,-1495.0,-256321.0
2021,JULIAN UNION HIGH,442865.0,313292.0,475576.0,507016.0,129573.0,-32711.0,-64151.0
2021,LA MESA-SPRING VALLEY,47442640.0,27565507.0,49984185.0,63475727.0,19877133.0,-2541545.0,-16033087.0
2021,MOUNTAIN EMPIRE UNIFIED,8498399.0,5451176.0,8119892.0,14612261.0,3047223.0,378507.0,-6113862.0
2021,NATIONAL ELEMENTARY,27813307.970000003,15382457.950000001,28822386.45,35888216.89000001,12430850.020000001,-1009078.4799999967,-8074908.9200000055
2021,OCEANSIDE UNIFIED,97575564.0,46943764.0,101610130.0,192043975.0,50631800.0,-4034566.0,-94468411.0
2021,POWAY UNIFIED,180320874.0,90030956.0,183957396.0,334436576.0,90289918.0,-3636522.0,-154115702.0
2021,RAMONA CITY UNIFIED,22989063.0,12200349.0,23729124.0,34820268.0,10788714.0,-740061.0,-11831205.0
2021,RANCHO SANTA FE ELEMENTARY,5104228.0,3296704.0,5225598.0,6549998.0,1807524.0,-121370.0,-1445770.0
2021,SAN DIEGO COUNTY OFFICE OF EDUCATION,26633538.0,16028960.0,27541419.0,33809240.0,10604578.0,-907881.0,-7175702.0
2021,SAN DIEGO UNIFIED,597481452.0,281972877.0,620794748.0,1584534519.0,315508575.0,-23313296.0,-987053067.0
2021,SAN DIEGUITO UNION HIGH,69589823.0,40790288.0,72055636.0,107328254.0,28799535.0,-2465813.0,-37738431.0
2021,SAN MARCOS UNIFIED,105249094.0,41890032.0,109677609.0,153631413.0,63359062.0,-4428515.0,-48382319.0
2021,SAN PASQUAL UNION ELEMENTARY,2238337.0,1528428.0,2246563.0,2734688.0,709909.0,-8226.0,-496351.0
2021,SAN YSIDRO ELEMENTARY,23920994.0,14323064.0,25095246.0,29429357.0,9597930.0,-1174252.0,-5508363.0
2021,SOLANA BEACH ELEMENTARY,22343137.07,12732329.200000001,23459997.62,39691574.879999995,9610807.87,-1116860.5500000007,-17348437.809999995
2021,SOUTH BAY UNION,34527107.0,16296944.0,37569261.0,41217735.0,18230163.0,-3042154.0,-6690628.0
2021,SPENCER VALLEY ELEMENTARY,148996.0,124322.0,148996.0,173670.0,24674.0,0.0,-24674.0
2021,SWEETWATER UNION HIGH,200607581.23999998,87944046.85000001,207743235.28000003,334253571.77,112663534.38999997,-7135654.040000051,-133645990.53
2021,VALLECITOS ELEMENTARY,1125972.0,793375.0,1227446.0,1406152.0,332597.0,-101474.0,-280180.0
2021,VALLEY CENTER-PAUMA UNIFIED,18568671.78,9040649.06,19367479.82,29076235.04,9528022.72,-798808.0399999991,-10507563.259999998
2021,VISTA UNIFIED,100724021.0,52196569.0,103533280.0,175016634.0,48527452.0,-2809259.0,-74292613.0
2021,WARNER UNIFIED,984142.0,732987.0,1058707.0,1152875.0,251155.0,-74565.0,-168733.0
2022,ALPINE UNION ELEMENTARY,6629247.680000001,4337316.12,6653886.7700000005,10074164.52,2291931.5600000005,-24639.08999999985,-3444916.839999999
2022,BONSALL UNIFIED,9403395.0,5843858.0,9841013.0,12284888.0,3559537.0,-437618.0,-2881493.0
2022,BORREGO SPRINGS UNIFIED,1824900.0,1465389.0,1785149.0,2318059.0,359511.0,39751.0,-493159.0
2022,CAJON VALLEY UNION,81045743.0,36670007.0,81094981.0,137383994.0,44375736.0,-49238.0,-56338251.0
2022,CARDIFF ELEMENTARY,4826546.869999999,2784539.72,5015464.709999999,5878110.089999999,2042007.149999999,-188917.83999999985,-1051563.2199999997
2022,CARLSBAD UNIFIED,54196759.0,28350648.0,55470351.0,80643404.0,25846111.0,-1273592.0,-26446645.0
2022,CHULA VISTA ELEMENTARY,169802384.07,93495431.0,176283747.0,246113907.0,76306953.07,-6481362.930000007,-76311522.93
2022,CORONADO UNIFIED,17402128.0,7989705.0,18054774.0,24214863.0,9412423.0,-652646.0,-6812735.0
2022,DEHESA ELEMENTARY,648816.0,527585.0,617190.0,816940.0,121231.0,31626.0,-168124.0
2022,DEL MAR UNION ELEMENTARY,29832306.0,17098012.0,31939300.0,35442491.0,12734294.0,-2106994.0,-5610185.0
2022,ENCINITAS UNION ELEMENTARY,32793776.0,18749710.0,32027275.0,48632038.0,14044066.0,766501.0,-15838262.0
2022,ESCONDIDO UNION,101115752.0,46490202.0,105061947.0,173349285.5,54625550.0,-3946195.0,-72233533.5
2022,ESCONDIDO UNION HIGH,47114764.83,23386692.81,47824161.75,76389005.49,23728072.02,-709396.9200000018,-29274240.659999996
2022,FALLBROOK UNION ELEMENTARY,48485374.0,30361710.0,48659581.0,75199745.0,18123664.0,-174207.0,-26714371.0
2022,FALLBROOK UNION HIGH,13101211.0,6635777.0,13133075.0,19355275.0,6465434.0,-31864.0,-6254064.0
2022,GROSSMONT UNION HIGH,105584190.0,54401254.0,107983212.0,163730358.0,51182936.0,-2399022.0,-58146168.0
2022,JAMUL-DULZURA UNION ELEMENTARY,2053957.0,1372529.0,1998066.0,2782135.0,681428.0,55891.0,-728178.0
2022,JULIAN UNION ELEMENTARY,1363079.0,919209.0,1406553.0,1596908.0,443870.0,-43474.0,-233829.0
2022,JULIAN UNION HIGH,300369.0,241245.0,311457.0,348405.0,59124.0,-11088.0,-48036.0
2022,LA MESA-SPRING VALLEY,48221261.0,27533851.0,51605981.0,68998225.0,20687410.0,-3384720.0,-20776964.0
2022,MOUNTAIN EMPIRE UNIFIED,9317438.0,6168642.0,8603488.0,14380974.0,3148796.0,713950.0,-5063536.0
2022,NATIONAL ELEMENTARY,27711882.9,15132368.389999999,28256020.06,35067756.98,12579514.51,-544137.1600000001,-7355874.079999998
2022,OCEANSIDE UNIFIED,96630020.17,47168160.0,99704332.0,207794580.5,49461860.17,-3074311.829999998,-111164560.33
2022,POWAY UNIFIED,174294043.62,81487778.02,180196131.12000003,335824581.46999997,92806265.60000001,-5902087.50000003,-161530537.84999996
2022,RAMONA CITY UNIFIED,23615884.0,12218771.0,24855942.0,35414754.0,11397113.0,-1240058.0,-11798870.0
2022,RANCHO SANTA FE ELEMENTARY,5358121.0,2658582.0,5612771.0,7247174.0,2699539.0,-254650.0,-1889053.0
2022,SAN DIEGO COUNTY OFFICE OF EDUCATION,27546377.0,14146284.0,28912083.0,36303435.0,13400093.0,-1365706.0,-8757058.0
2022,SAN DIEGO UNIFIED,624289581.0,271668102.0,653542689.0,1214487889.0,352621479.0,-29253108.0,-590198308.0
2022,SAN DIEGUITO UNION HIGH,72114966.0,42133969.0,74691567.0,102769361.0,29980997.0,-2576601.0,-30654395.0
2022,SAN MARCOS UNIFIED,114222949.0,50204960.0,119415743.0,172558906.0,64017989.0,-5192794.0,-58335957.0
2022,SAN PASQUAL UNION ELEMENTARY,2403996.0,1687847.0,2452919.0,3197613.0,716149.0,-48923.0,-793617.0
2022,SAN YSIDRO ELEMENTARY,26171515.85,13874908.959999999,27418639.36,35328264.32,12296606.890000002,-1247123.509999998,-9156748.469999999
2022,SOLANA BEACH ELEMENTARY,23155892.0,9571286.0,24401046.0,45049538.0,13584606.0,-1245154.0,-21893646.0
2022,SOUTH BAY UNION,69381937.0,30046682.0,75503128.0,89654404.0,39335255.0,-6121191.0,-20272467.0
2022,SPENCER VALLEY ELEMENTARY,298423.0,270336.0,279828.0,363700.0,28087.0,18595.0,-65277.0
2022,SWEETWATER UNION HIGH,213684373.22,91183341.21000001,221089019.97,344916563.7,122501032.00999999,-7404646.75,-131232190.47999999
2022,VALLECITOS ELEMENTARY,1080384.0,836660.0,948640.0,1510025.0,243724.0,131744.0,-429641.0
2022,VALLEY CENTER-PAUMA UNIFIED,19570157.8,9997749.469999999,20543973.16,31289531.92,9572408.330000002,-973815.3599999994,-11719374.120000001
2022,VISTA UNIFIED,111940235.5,50283318.0,116935765.0,175729912.0,61656917.5,-4995529.5,-63789676.5
2022,WARNER UNIFIED,1547634.0,934815.0,1539213.0,2317143.0,612819.0,8421.0,-769509.0
